전국,전국,1668,764,1518,1744,1863,2089,4557,4542,6399,6094,6137,7492,17024,25286,23448,17057,16924,19237,15967,9922,9708,6358,7729
서울,서울,352,173,346,383,228,243,294,545,1043,530,756,1074,2466,2212,1621,1548,1848,2345,2033,1214,1166,848,1062
서울,강남구,5,0,13,29,11,8,5,24,28,22,35,34,276,140,69,105,109,142,115,89,94,75,93
서울,강동구,7,8,49,20,18,17,23,19,23,32,47,83,88,59,40,70,81,72,75,68,75,40,53
서울,강북구,12,0,7,16,5,6,21,14,51,16,5,7,54,148,57,35,66,74,72,33,29,26,26
서울,강서구,6,6,9,5,30,11,14,17,41,15,13,40,109,117,79,56,115,130,84,57,57,47,55
서울,관악구,0,8,7,15,13,36,5,27,88,35,42,66,65,73,73,84,90,135,78,53,41,38,45
서울,광진구,7,2,15,4,3,3,3,17,32,6,22,123,167,61,54,49,53,56,54,24,18,11,23
서울,구로구,14,8,18,26,17,10,17,13,44,78,62,57,138,66,147,73,123,97,85,48,48,36,41
서울,금천구,7,2,8,3,2,11,22,14,151,15,19,15,15,48,31,48,55,64,58,33,41,19,42
서울,노원구,20,11,8,9,2,21,8,33,57,22,11,60,228,129,90,98,104,141,129,94,68,48,71
서울,도봉구,18,10,6,62,4,6,10,15,59,9,6,11,72,125,55,39,66,73,73,23,23,29,18
서울,동대문구,36,7,6,28,15,14,10,24,22,31,29,26,306,121,58,53,50,60,45,21,35,24,25
서울,동작구,19,16,17,15,5,8,10,42,59,40,37,78,104,83,65,73,78,101,97,44,29,29,47
서울,마포구,24,16,16,13,7,3,20,34,23,27,19,19,44,78,97,101,108,141,132,76,74,67,78
서울,서대문구,22,9,7,9,1,6,6,19,21,6,6,13,25,31,33,37,40,61,61,29,42,32,42
서울,서초구,5,0,10,24,13,3,4,27,39,12,7,24,60,64,56,48,69,76,76,45,41,22,24
서울,성동구,19,2,5,23,5,8,2,0,6,5,81,29,68,60,59,59,53,87,65,39,38,34,38
서울,성북구,6,3,12,4,9,8,25,45,110,23,35,27,67,97,64,50,86,106,122,85,64,43,50
서울,송파구,13,12,77,11,19,5,10,12,42,15,118,76,149,142,130,124,109,180,125,71,61,44,59
서울,양천구,39,14,24,47,23,27,33,31,56,25,25,75,119,300,127,88,99,110,87,57,57,35,41
서울,영등포구,8,1,1,2,0,4,11,72,22,25,22,36,50,46,45,69,65,78,63,38,56,29,43
서울,용산구,7,4,8,1,0,2,2,6,5,30,50,15,15,54,25,27,40,43,45,17,31,15,34
서울,은평구,20,13,10,1,4,6,18,17,13,25,17,65,81,51,80,46,67,110,120,61,58,40,61
서울,종로구,2,1,1,3,7,3,4,11,18,2,11,6,19,15,11,15,29,83,56,31,19,17,11
서울,중구,3,3,1,2,8,7,5,0,0,2,1,11,15,15,23,20,14,21,21,14,11,10,9
서울,중랑구,33,17,11,11,7,10,6,12,33,12,36,78,132,89,53,81,79,104,95,64,56,38,33
부산,부산,72,22,25,23,40,222,192,277,214,384,483,323,1300,2459,1654,1034,988,1134,878,496,506,334,336
부산,강서구,2,0,0,0,0,2,1,1,0,3,10,6,11,21,29,47,74,90,46,27,37,16,26
부산,금정구,0,0,0,0,0,1,23,40,20,27,33,18,31,65,42,35,50,63,32,30,38,23,14
부산,기장군,0,1,0,1,2,1,4,6,11,7,4,6,31,32,65,68,75,107,91,64,56,32,45
부산,남구,12,4,7,1,0,2,14,54,20,30,25,30,22,365,126,66,72,52,52,26,34,16,16
부산,동구,5,1,1,0,3,17,1,2,1,6,9,8,14,48,33,28,17,17,24,7,8,8,3
부산,동래구,1,0,0,0,4,0,6,13,9,20,32,19,32,130,119,64,63,105,71,40,34,27,22
부산,부산진구,2,1,0,0,4,10,2,20,19,24,89,41,130,255,239,124,117,127,110,59,63,33,39
부산,북구,1,2,0,2,2,2,1,1,9,8,78,23,713,569,222,135,98,124,81,33,43,43,22
부산,사상구,6,0,1,1,2,59,8,2,10,39,27,14,54,157,97,70,42,34,47,25,38,14,18
부산,사하구,25,11,8,6,9,91,65,45,39,81,51,41,48,268,214,132,82,119,92,58,54,52,54
부산,서구,0,0,0,1,0,11,9,9,7,24,16,8,19,78,33,37,29,38,17,5,11,15,11
부산,수영구,7,0,0,0,1,0,9,6,11,19,18,11,10,98,41,30,29,35,22,15,15,11,9
부산,연제구,2,0,0,0,0,8,18,9,4,13,27,33,56,128,156,68,61,56,71,36,27,14,21
부산,영도구,4,1,5,11,3,5,7,5,1,5,8,5,75,71,43,42,39,29,31,22,17,7,10
부산,중구,3,1,2,0,0,4,0,0,0,12,3,1,6,28,16,8,12,11,9,6,1,3,1
부산,해운대구,2,0,1,0,10,9,24,64,53,66,53,59,48,146,179,80,128,127,82,43,30,20,25
대구,대구,36,31,80,75,49,232,2134,679,411,283,253,312,684,622,637,492,655,783,689,418,476,257,325
대구,남구,3,3,2,2,3,9,106,31,21,13,15,27,28,37,46,35,34,31,24,12,14,10,12
대구,달서구,5,2,23,7,7,19,774,121,89,70,99,81,262,189,147,173,154,179,138,96,117,80,84
대구,달성군,4,3,9,8,7,5,54,40,28,12,11,27,44,46,49,55,95,144,156,81,111,43,74
대구,동구,6,2,0,4,3,15,258,119,41,21,8,20,31,31,56,38,65,102,95,72,56,30,40
대구,북구,2,7,11,23,9,19,420,223,113,90,47,49,185,112,104,61,121,146,122,58,67,47,41
대구,서구,4,9,12,10,5,41,229,44,38,17,23,18,28,34,32,23,41,37,29,16,22,9,11
대구,수성구,11,4,20,18,15,91,273,95,75,53,43,82,100,144,186,86,125,119,96,71,83,27,44
대구,중구,1,1,3,3,0,33,20,6,6,7,7,8,6,29,17,21,20,25,29,12,6,11,17
대구,군위군,0,0,0,0,0,0,0,0,0,0,0,0,0,0,0,0,0,0,0,0,0,0,2
인천,인천,227,39,139,261,197,191,225,754,1450,1007,765,877,748,838,753,700,848,970,795,494,471,332,429
인천,강화군,28,1,0,1,1,1,1,21,15,0,1,2,6,9,4,9,3,11,10,4,7,10,6
인천,계양구,9,7,2,7,5,3,8,72,277,300,216,55,53,97,71,74,73,96,63,46,42,27,35
인천,미추홀구,27,13,89,79,81,43,39,85,173,159,105,94,107,115,89,108,120,133,93,76,61,40,47
인천,남동구,109,9,24,89,40,57,17,79,105,74,52,62,104,88,140,124,125,161,95,54,52,50,52
인천,동구,1,1,6,24,10,7,27,21,43,33,27,34,19,27,28,18,15,15,22,12,18,4,6
인천,부평구,17,1,7,6,4,23,51,172,397,221,102,164,93,105,94,84,103,133,131,80,102,37,65
인천,서구,26,6,6,24,12,22,44,205,182,117,199,299,147,296,203,157,221,231,229,143,102,109,144
인천,연수구,1,1,4,22,40,30,31,71,222,81,46,158,206,82,107,98,134,150,117,65,68,40,48
인천,옹진군,0,0,0,2,1,0,0,2,2,2,0,1,0,3,2,1,10,4,2,0,1,1,3
인천,중구,9,0,1,7,3,5,7,26,34,20,17,8,13,16,15,27,44,36,33,14,18,14,23
광주,광주,113,20,18,6,12,37,128,44,206,115,61,111,641,3192,1794,1611,816,565,466,331,271,186,223
광주,광산구,69,0,2,0,6,22,39,12,63,37,18,27,29,481,447,181,179,178,150,81,69,56,64
광주,남구,36,8,3,3,1,5,26,6,43,20,16,8,157,742,309,428,231,56,45,34,25,25,16
광주,동구,2,5,1,0,0,2,15,2,13,7,5,4,22,129,162,101,23,21,16,31,15,5,18
광주,북구,1,2,6,1,2,4,45,21,14,6,9,44,55,594,459,287,192,189,149,87,91,53,84
광주,서구,5,5,6,2,3,4,3,3,73,45,13,28,378,1246,417,614,191,121,106,98,71,47,41
대전,대전,54,10,6,45,66,9,64,29,105,199,340,625,1720,436,274,329,459,668,468,266,288,182,194
대전,대덕구,17,0,5,0,2,0,1,7,22,46,164,130,236,71,39,29,44,56,42,17,35,11,8
대전,동구,3,0,0,0,0,3,43,4,12,28,52,135,134,73,54,65,89,104,76,41,68,47,46
대전,서구,13,3,0,39,54,5,12,10,30,65,62,167,901,173,78,88,131,152,117,77,61,60,53
대전,유성구,9,2,1,1,1,0,2,7,38,46,36,95,275,77,72,91,119,249,135,99,95,43,55
대전,중구,12,5,0,5,9,1,6,1,3,14,26,98,174,42,31,56,76,107,98,32,29,21,32
울산,울산,33,49,56,122,115,120,142,136,143,349,480,226,335,709,874,557,563,589,492,291,326,195,268
울산,남구,6,14,16,21,13,12,11,21,19,132,111,105,142,315,374,199,175,162,160,80,101,57,69
울산,동구,2,5,0,4,21,34,49,57,58,24,62,25,54,61,62,76,99,98,96,50,47,20,38
울산,북구,11,8,21,23,68,64,67,37,29,109,80,37,52,86,117,89,91,149,89,83,70,47,80
울산,울주군,3,3,12,13,2,5,8,16,20,36,72,27,46,129,140,87,71,78,44,24,40,33,34
울산,중구,11,19,7,61,11,5,7,5,17,48,155,32,41,118,181,106,127,102,103,54,68,38,47
경기,경기,352,176,272,387,697,609,699,1276,1883,1967,1428,1083,3269,4813,4939,3841,4536,5428,4636,2952,2718,1818,2375
경기,가평군,1,0,0,4,1,2,7,11,5,2,2,2,10,5,11,15,11,14,14,3,4,0,3
경기,고양시 덕양구,2,1,1,0,1,5,27,129,115,35,27,24,54,60,101,99,139,148,92,53,52,42,54
경기,고양시 일산동구,0,0,0,0,0,0,78,42,25,23,14,13,26,32,35,39,45,47,44,47,25,22,21
경기,고양시 일산서구,1,23,0,2,0,2,24,15,24,8,26,22,31,42,64,81,108,101,88,61,44,41,49
경기,과천시,1,1,1,0,1,0,0,0,1,0,1,2,22,26,9,6,19,13,7,3,8,3,8
경기,광명시,7,7,3,2,5,3,18,19,72,24,36,25,100,155,119,83,105,146,102,54,33,37,53
경기,광주시,6,0,5,4,4,6,10,14,13,14,22,21,25,60,109,106,117,158,136,94,76,64,64
경기,구리시,1,1,8,25,5,1,2,13,25,19,25,37,337,50,44,40,64,89,74,62,59,31,42
경기,군포시,13,4,1,1,1,3,1,17,19,27,21,38,83,251,61,66,98,126,99,47,49,21,15
경기,김포시,14,2,3,28,4,7,8,26,26,26,39,34,120,589,332,253,238,279,241,140,121,87,101
경기,남양주시,2,3,0,8,7,0,6,39,111,74,71,56,202,156,230,241,238,243,182,123,132,74,95
경기,동두천시,9,1,3,3,0,4,0,9,40,3,12,6,14,10,18,20,26,38,37,24,22,26,25
경기,부천시 소사구,0,1,4,1,2,14,55,21,110,49,34,26,27,1,47,0,0,0,0,0,0,0,0
경기,부천시 오정구,8,1,2,0,91,10,9,8,41,56,20,14,22,5,39,0,0,0,0,0,0,0,0
경기,성남시 분당구,1,1,4,15,70,24,34,32,29,42,28,43,101,300,141,111,144,175,155,104,90,62,108
경기,성남시 수정구,14,10,11,32,65,37,11,32,34,26,31,14,15,48,118,67,70,88,56,50,31,15,34
경기,성남시 중원구,5,8,6,44,44,38,9,20,32,40,50,29,31,69,131,92,92,90,115,76,45,37,70
경기,수원시 권선구,32,9,15,4,16,10,14,14,16,128,12,10,65,182,148,101,147,172,138,86,73,54,70
경기,수원시 영통구,0,0,0,0,2,15,4,8,16,76,21,15,27,44,129,103,99,153,115,80,96,28,77
경기,수원시 장안구,21,6,24,10,4,4,7,27,22,39,39,50,139,176,118,68,76,143,127,38,34,25,39
경기,수원시 팔달구,33,8,16,7,12,5,5,14,31,73,25,17,39,76,161,57,70,78,62,32,27,20,42
경기,시흥시,5,1,20,60,85,208,87,43,86,162,48,39,119,327,341,192,221,316,244,165,135,98,92
경기,안산시 단원구,3,2,1,3,57,15,28,39,31,166,127,35,41,71,114,86,84,120,103,78,68,48,52
경기,안산시 상록구,0,0,1,0,84,21,53,55,51,134,75,29,110,122,130,96,111,165,115,65,50,38,73
경기,안성시,1,0,1,0,2,2,25,262,76,20,11,43,33,51,57,42,52,53,39,30,23,15,20
경기,안양시 동안구,0,2,5,3,5,4,1,4,18,25,18,33,198,66,68,52,63,81,65,32,40,26,29
경기,안양시 만안구,0,3,1,2,15,5,3,13,41,53,42,27,168,75,41,58,60,75,65,45,27,31,36
경기,양주시,0,2,0,1,0,0,5,4,39,10,17,26,142,63,54,44,54,75,90,44,57,45,50
경기,양평군,8,1,0,2,0,6,0,1,56,22,17,10,22,8,31,59,43,71,39,35,17,17,12
경기,여주시,20,4,3,5,0,7,1,30,22,1,6,6,21,12,24,31,44,48,48,22,34,16,20
경기,연천군,0,1,4,16,1,0,0,1,0,0,6,9,6,5,4,11,12,14,6,7,10,13,12
경기,오산시,3,4,0,1,4,13,8,32,17,64,44,26,53,134,84,113,83,82,89,53,58,30,63
경기,용인시 기흥구,0,0,0,0,0,26,2,32,28,50,50,23,69,170,130,145,182,210,175,103,100,43,57
경기,용인시 수지구,0,0,0,0,0,29,15,19,8,19,30,23,35,313,285,198,227,202,211,111,119,82,88
경기,용인시 처인구,7,4,7,5,7,7,5,10,124,85,29,11,35,78,65,39,69,106,83,93,67,45,50
경기,의왕시,9,0,2,5,2,10,8,17,22,21,16,16,49,115,79,47,65,71,44,34,22,13,17
경기,의정부시,2,1,0,1,0,2,4,18,20,19,18,24,319,97,114,117,145,153,149,91,94,43,67
경기,이천시,60,28,8,0,0,6,9,49,20,14,31,13,20,55,90,57,82,99,110,61,71,62,65
경기,파주시,5,1,0,0,0,5,22,28,75,27,29,29,37,44,52,77,92,117,125,97,98,47,84
경기,평택시,9,1,1,1,31,10,3,46,141,76,24,44,80,274,443,232,236,237,200,145,151,129,139
경기,포천시,0,0,0,2,0,6,2,14,16,13,23,10,99,57,19,21,38,44,36,17,14,11,11
경기,하남시,32,10,23,46,32,17,19,8,3,8,145,37,21,43,51,53,74,88,91,49,65,28,61
경기,화성시,0,1,43,18,9,8,6,16,25,139,42,50,67,109,352,213,288,350,295,224,196,127,182
경기,부천시,0,0,0,0,0,0,0,0,0,0,0,0,0,187,86,210,305,350,330,174,181,122,125
강원,강원,53,44,53,107,94,120,135,138,264,90,129,604,1041,751,517,640,657,657,529,327,376,216,315
강원,강릉시,5,6,12,15,17,14,17,21,22,27,5,32,95,65,83,306,234,163,130,68,75,58,74
강원,고성군,2,0,0,0,0,1,4,2,1,2,7,7,2,2,5,2,6,6,2,1,4,1,5
강원,동해시,12,16,7,7,5,6,7,7,24,7,8,214,46,24,40,24,59,30,43,17,27,11,6
강원,삼척시,7,2,5,0,0,0,0,0,6,2,4,2,25,3,7,10,20,47,52,39,55,32,42
강원,속초시,1,3,4,0,0,1,5,3,6,7,5,221,37,17,22,27,21,28,17,14,10,10,8
강원,양구군,0,0,0,0,3,0,1,2,1,3,9,9,30,13,11,8,7,10,8,3,3,2,1
강원,양양군,0,1,0,1,0,0,1,0,1,0,8,5,6,2,4,6,3,3,7,9,1,2,3
강원,영월군,1,0,0,0,0,0,2,3,4,4,6,6,11,3,7,6,9,5,5,2,1,0,9
강원,원주시,4,5,11,8,4,69,77,40,127,1,6,28,272,334,167,126,130,168,152,85,102,39,79
강원,인제군,1,2,0,1,7,3,1,1,2,1,0,3,17,6,0,0,2,2,3,2,1,1,2
강원,정선군,0,0,0,0,1,2,0,0,4,4,1,0,1,6,5,7,4,11,5,2,1,2,5
강원,철원군,6,0,0,0,1,0,0,4,1,0,8,0,8,87,30,0,15,12,7,0,6,6,8
강원,춘천시,1,5,6,66,23,14,11,36,30,11,38,31,203,74,99,83,87,116,62,55,46,31,33
강원,태백시,5,0,0,0,2,0,3,2,1,0,1,1,4,2,8,9,9,14,10,4,12,4,3
강원,평창군,0,0,0,0,0,2,3,3,5,1,4,1,6,7,2,9,15,8,5,7,2,4,8
강원,홍천군,7,4,6,5,29,3,1,8,10,19,17,36,256,25,10,6,18,20,12,12,14,6,20
강원,화천군,0,0,0,0,0,3,1,4,14,0,1,5,11,4,11,5,8,5,2,2,7,5,5
강원,횡성군,1,0,2,4,2,2,1,2,5,1,1,3,11,77,6,6,10,9,7,5,9,2,4
충북,충북,36,27,114,112,219,93,153,173,184,327,172,264,229,388,334,314,426,522,433,296,234,158,223
충북,괴산군,0,0,0,0,24,1,0,3,1,3,2,1,3,3,3,2,5,8,2,4,1,2,2
충북,단양군,1,0,0,0,0,0,1,0,0,1,0,0,3,0,1,8,10,9,6,1,2,1,2
충북,보은군,4,0,0,2,5,1,1,2,15,7,3,3,8,10,0,1,4,8,4,5,3,2,0
충북,영동군,6,9,13,12,11,8,8,18,12,5,7,130,29,12,8,8,5,12,8,2,4,2,5
충북,옥천군,11,2,4,1,3,5,9,8,3,3,4,7,11,14,12,12,19,16,16,9,5,9,7
충북,음성군,1,0,0,1,1,0,2,7,1,1,18,17,14,13,7,21,20,24,12,9,5,2,4
충북,제천시,0,0,1,8,10,10,8,9,25,7,5,1,12,13,37,42,51,56,28,26,19,11,20
충북,증평군,0,0,0,1,1,0,0,0,2,7,2,1,11,1,4,4,8,18,12,4,5,8,6
충북,진천군,0,0,0,0,4,1,0,0,3,3,2,1,3,0,12,7,9,20,22,9,2,3,8
충북,충주시,11,10,82,82,130,53,20,12,17,14,14,16,28,49,68,70,71,90,98,51,49,36,41
충북,청주시 상당구,0,0,0,0,0,0,0,0,0,0,0,0,0,99,76,46,52,40,44,35,30,22,38
충북,청주시 흥덕구,0,0,0,0,0,0,0,0,0,0,0,0,0,59,55,25,53,80,66,54,50,21,34
충북,청주시 서원구,0,0,0,0,0,0,0,0,0,0,0,0,0,77,40,36,78,83,65,46,35,27,38
충북,청주시 청원구,0,0,0,0,0,0,0,0,0,0,0,0,0,35,11,32,41,58,50,41,24,12,18
충남,충남,27,24,38,33,16,28,96,138,104,147,143,253,775,852,795,640,711,826,721,458,469,294,353
충남,계룡시,0,0,0,0,0,1,1,0,11,14,7,4,31,16,26,21,17,26,23,15,14,8,13
충남,공주시,2,0,1,1,0,8,33,4,2,15,3,9,152,51,64,45,54,91,62,51,52,30,35
충남,금산군,0,0,0,0,0,0,3,1,1,2,3,17,78,11,2,9,8,15,8,3,6,5,6
충남,논산시,0,0,0,0,0,0,0,0,5,2,5,6,48,147,35,26,11,33,44,18,23,21,14
충남,당진시,0,0,2,5,0,0,7,2,0,8,6,4,9,11,8,15,35,37,29,19,29,18,16
충남,보령시,6,5,6,2,1,0,6,2,24,4,6,0,4,15,4,6,5,17,12,5,3,2,0
충남,부여군,0,0,0,0,1,1,0,0,1,2,7,6,4,11,7,8,15,24,15,20,6,5,7
충남,서산시,15,18,15,13,6,0,0,13,2,2,0,3,119,36,31,51,56,69,62,40,11,26,21
충남,서천군,2,0,6,0,1,0,0,0,2,1,1,3,3,1,12,4,21,15,32,6,7,1,3
충남,아산시,0,0,5,8,0,0,0,4,5,5,10,18,40,191,179,156,199,178,145,95,101,65,92
충남,예산군,0,0,0,3,0,0,0,4,8,5,2,8,18,20,8,16,12,19,24,12,19,5,10
충남,청양군,0,0,0,0,0,0,0,0,1,2,1,2,4,7,1,7,7,8,2,0,3,1,1
충남,태안군,1,0,0,0,0,0,1,55,8,4,4,2,9,7,11,12,21,18,12,7,7,6,4
충남,홍성군,0,0,0,0,0,0,0,40,2,1,0,18,24,36,44,47,21,52,37,32,33,14,20
충남,천안시 동남구,0,0,0,0,0,0,0,0,3,0,48,73,129,192,105,97,98,88,94,55,70,43,36
충남,천안시 서북구,0,0,0,0,0,0,0,0,1,4,35,75,103,100,258,120,131,136,120,80,85,44,75
전북,전북,134,22,23,33,20,47,36,32,60,62,106,175,726,4483,2326,957,747,842,740,429,419,251,246
전북,고창군,1,0,0,0,1,0,0,0,2,4,9,5,67,37,30,12,11,15,11,4,13,5,1
전북,군산시,23,6,3,2,2,2,1,4,21,15,26,61,104,198,209,191,118,152,189,85,82,54,50
전북,김제시,8,1,0,0,0,1,3,0,0,2,2,3,12,44,40,11,14,27,27,18,19,3,7
전북,남원시,7,2,1,4,2,2,0,1,3,6,10,8,9,150,66,22,16,27,22,7,12,8,16
전북,무주군,1,0,0,4,0,0,0,0,0,0,0,1,8,11,5,6,2,9,3,4,1,2,2
전북,부안군,9,1,6,0,0,1,0,0,0,0,0,13,19,110,21,10,20,11,10,7,7,9,4
전북,순창군,3,0,0,0,0,0,0,0,2,0,0,2,3,111,64,6,9,5,6,4,3,7,6
전북,완주군,2,4,0,11,0,1,4,0,2,1,1,1,12,154,103,25,54,38,38,33,23,16,17
전북,익산시,16,3,3,0,3,29,15,8,9,16,34,22,235,1244,336,144,159,147,116,71,62,38,28
전북,임실군,0,0,0,0,0,1,1,0,4,0,1,0,1,24,12,9,19,17,10,2,3,2,2
전북,장수군,0,0,0,0,0,0,1,0,1,0,0,0,6,15,5,4,13,9,10,3,8,5,2
전북,전주시 덕진구,33,4,7,5,5,8,7,11,10,10,18,40,80,1087,641,154,153,186,173,97,85,55,59
전북,전주시 완산구,29,1,3,7,1,1,1,6,3,2,2,13,156,1231,666,189,118,153,97,80,64,36,41
전북,정읍시,1,0,0,0,6,0,3,2,2,6,3,6,10,58,109,168,35,38,21,12,34,8,9
전북,진안군,1,0,0,0,0,1,0,0,1,0,0,0,4,9,19,6,6,8,7,2,3,3,2
전남,전남,86,42,11,6,7,23,66,30,78,85,129,130,588,1377,1340,767,805,766,617,404,525,318,340
전남,강진군,0,0,0,0,0,0,0,0,0,0,1,0,4,9,4,7,10,4,6,3,7,2,5
전남,고흥군,30,0,0,0,1,0,0,3,4,6,2,3,11,12,3,9,7,16,15,9,15,7,9
전남,곡성군,1,0,0,0,0,0,0,0,1,1,0,2,8,6,8,6,3,3,2,4,3,4,4
전남,광양시,5,4,1,0,0,0,1,5,7,30,7,4,16,27,133,41,34,45,45,35,46,16,20
전남,구례군,4,2,1,0,0,0,0,0,0,0,0,2,4,4,37,7,11,4,8,3,2,0,1
전남,나주시,7,1,0,0,1,11,6,1,11,7,1,34,24,60,92,31,38,59,35,19,29,15,24
전남,담양군,0,0,1,0,0,0,0,0,0,0,0,0,2,6,8,6,10,9,7,10,5,4,2
전남,목포시,7,2,1,1,3,7,33,2,2,4,55,38,298,411,226,187,213,187,160,103,160,84,116
전남,무안군,0,0,0,0,1,0,4,0,1,1,3,6,46,116,44,59,75,58,21,24,30,15,16
전남,보성군,0,1,0,0,0,1,0,1,2,1,2,0,41,42,30,12,16,10,12,13,4,6,6
전남,순천시,17,0,2,0,0,0,8,11,15,31,23,11,34,387,159,154,119,124,105,70,89,57,46
전남,신안군,0,0,0,0,0,0,8,0,0,0,0,0,13,19,13,11,11,15,8,3,7,13,2
전남,여수시,0,1,0,0,0,0,0,1,11,1,10,4,9,48,161,78,79,88,67,46,58,41,41
전남,영광군,9,4,1,2,0,0,0,2,2,0,0,0,2,9,15,20,18,7,18,5,4,9,2
전남,영암군,0,26,0,0,1,0,1,1,2,1,3,6,22,32,21,31,50,20,18,14,14,5,10
전남,완도군,1,0,0,1,0,0,0,0,1,0,0,0,4,26,46,23,29,21,13,8,5,8,3
전남,장성군,0,0,0,0,0,0,0,0,0,2,2,3,1,10,11,6,11,10,12,6,7,2,3
전남,장흥군,0,0,0,0,0,0,0,0,5,0,1,1,7,19,8,7,11,31,16,9,1,9,11
전남,진도군,1,1,2,1,0,0,1,0,9,0,0,2,2,18,134,15,7,7,12,7,5,6,4
전남,함평군,1,0,0,0,0,0,2,0,3,0,16,13,25,20,17,10,7,3,4,0,5,3,2
전남,해남군,3,0,2,1,0,4,2,3,2,0,2,0,12,19,29,32,30,34,29,12,23,10,13
전남,화순군,0,0,0,0,0,0,0,0,0,0,1,1,3,77,141,15,16,11,4,1,6,2,0
경북,경북,39,37,228,64,33,51,112,185,147,170,127,123,853,575,1121,769,906,1029,844,497,423,289,273
경북,경산시,6,5,8,6,0,6,11,15,10,11,9,10,35,39,169,85,69,89,56,37,31,25,34
경북,경주시,0,1,0,3,1,1,9,5,13,16,10,9,22,150,458,158,157,166,143,70,28,18,25
경북,고령군,5,4,4,1,1,0,7,7,4,5,8,5,5,9,12,2,3,6,5,2,0,1,4
경북,구미시,0,1,1,1,5,16,21,61,44,24,11,32,198,90,121,82,132,168,176,98,69,48,43
경북,군위군,1,0,2,0,0,0,2,2,2,1,0,0,3,1,3,2,1,4,0,4,1,0,0
경북,김천시,0,0,0,0,0,0,7,9,8,3,2,3,4,19,33,68,56,61,53,33,36,23,27
경북,문경시,4,1,1,0,0,3,1,12,6,2,28,3,257,54,22,41,37,41,29,20,8,6,11
경북,봉화군,0,0,0,0,0,0,1,0,1,1,2,2,7,8,3,5,7,9,10,2,4,2,1
경북,상주시,0,0,0,13,0,1,1,10,1,2,2,1,11,13,8,33,32,19,12,13,6,7,10
경북,성주군,0,2,1,1,2,3,3,2,1,1,3,1,1,3,4,4,4,4,6,3,5,2,0
경북,안동시,0,2,6,1,1,2,9,10,10,7,4,5,6,2,16,11,27,39,26,30,18,6,4
경북,영덕군,0,0,0,0,0,0,0,1,0,0,0,0,0,1,0,11,6,8,6,4,0,5,7
경북,영양군,0,0,0,0,0,1,1,0,1,0,0,0,0,13,5,3,1,3,2,1,4,1,0
경북,영주시,1,0,4,7,10,0,3,2,6,12,4,8,150,22,18,18,48,37,36,18,20,12,18
경북,영천시,1,5,6,6,0,3,2,0,1,2,1,1,5,8,11,18,15,31,16,13,12,4,1
경북,예천군,19,0,0,3,0,0,1,6,3,2,1,12,13,13,17,15,19,12,8,2,4,1,1
경북,울릉군,0,0,0,0,0,0,0,0,0,0,0,0,0,2,2,3,7,4,0,0,2,0,1
경북,울진군,0,11,0,0,0,0,1,3,0,1,0,0,28,11,13,14,18,14,14,8,14,9,11
경북,의성군,0,0,2,0,0,1,2,7,7,0,1,0,12,1,4,5,15,6,1,1,3,2,5
경북,청도군,1,0,0,2,0,3,12,3,3,1,17,1,1,5,14,5,6,4,3,2,2,1,1
경북,청송군,0,1,0,1,2,3,2,1,1,1,1,0,2,1,5,1,5,7,5,4,1,1,0
경북,칠곡군,0,1,5,2,0,2,13,7,6,3,4,1,14,11,10,21,42,50,35,30,30,17,14
경북,포항시 남구,1,0,32,1,3,0,1,13,7,39,13,16,38,31,69,46,57,118,99,54,70,60,23
경북,포항시 북구,0,3,156,16,8,6,2,9,12,36,6,13,41,68,104,118,142,129,103,48,55,38,32
경남,경남,34,7,29,61,31,34,58,85,72,121,439,666,908,1218,4237,2632,1637,1676,1264,810,776,524,549
경남,거제시,4,0,1,1,3,1,0,0,4,1,2,12,41,51,50,74,107,147,141,85,92,70,59
경남,거창군,0,0,3,1,0,0,0,4,4,6,13,13,32,52,39,52,59,27,50,21,13,18,12
경남,고성군,0,0,0,0,0,0,0,1,1,0,6,2,13,10,27,25,23,13,14,7,5,1,2
경남,김해시,4,1,6,0,3,2,5,17,7,30,93,89,206,329,2629,624,401,396,166,144,116,91,88
경남,남해군,10,3,0,0,0,0,1,2,11,9,6,18,9,9,26,24,26,12,8,8,5,8,6
경남,밀양시,0,0,0,0,0,0,0,1,0,1,35,6,6,20,24,21,41,35,22,23,33,16,19
경남,사천시,0,0,0,0,0,0,0,0,1,0,9,6,49,13,34,44,35,46,33,15,8,6,9
경남,산청군,0,0,0,0,0,0,0,1,0,1,1,7,3,1,11,18,10,13,5,5,8,4,5
경남,양산시,3,2,0,29,3,17,9,7,3,6,14,8,15,72,85,88,112,128,122,92,48,35,50
경남,의령군,0,0,0,0,0,0,0,0,0,0,3,9,2,5,5,1,1,5,0,2,3,2,1
경남,진주시,0,0,0,0,1,8,7,1,4,1,73,120,53,72,609,1097,348,341,235,166,144,118,102
경남,창녕군,0,0,0,0,0,0,1,1,0,0,15,2,12,5,23,22,13,10,4,6,6,1,3
경남,통영시,0,0,8,11,12,2,2,4,1,5,7,16,190,143,46,56,66,62,63,19,31,15,15
경남,하동군,1,0,1,0,0,0,0,0,2,0,3,6,2,1,6,12,11,9,3,2,0,0,3
경남,함안군,0,0,0,0,0,0,2,0,1,7,5,9,5,11,35,28,18,17,36,28,19,8,7
경남,함양군,2,0,1,1,2,0,0,1,2,5,0,5,9,6,7,7,9,10,20,10,12,7,7
경남,합천군,2,0,2,7,0,0,0,1,0,2,1,3,5,3,10,7,6,8,9,7,5,1,2
경남,창원시 마산합포구,0,0,0,0,0,0,0,0,0,0,29,16,30,84,93,90,57,55,48,23,34,11,32
경남,창원시 마산회원구,0,0,0,0,0,0,0,0,0,0,25,34,29,68,76,101,59,85,55,49,47,26,23
경남,창원시 성산구,0,0,0,0,0,0,0,0,0,0,48,109,61,93,203,94,81,86,77,32,58,24,42
경남,창원시 의창구,0,0,0,0,0,0,0,0,0,0,22,120,40,78,106,66,68,72,73,32,35,28,27
경남,창원시 진해구,0,0,0,0,0,0,0,0,0,0,29,56,96,92,93,81,86,99,80,34,54,34,35
제주,제주,20,41,80,26,39,30,23,21,35,258,326,610,687,318,197,186,224,305,269,172,176,90,158
제주,서귀포시,0,1,6,1,10,5,4,6,0,34,49,422,74,114,67,77,75,94,70,53,48,29,33
제주,제주시,8,25,69,23,19,22,19,15,35,224,277,188,613,204,130,109,149,211,199,119,128,61,125
세종,세종,0,0,0,0,0,0,0,0,0,0,0,36,54,43,35,40,98,132,93,67,88,66,60
세종,세종시,0,0,0,0,0,0,0,0,0,0,0,36,54,43,35,40,98,132,93,67,88,66,60
