전국,전국,2637,1919,1415,4698,6780,6480,6022,6057,4995,5671,5151,8604,10365,8130,9513,11105,10528,6668,4005,4479,5915,6235,5662
서울,서울,126,78,54,173,210,237,164,177,176,187,204,376,343,213,277,352,307,196,115,97,119,149,140
서울,강남구,8,2,4,5,11,5,8,10,6,6,5,14,14,15,21,28,9,4,4,3,5,11,8
서울,강동구,5,3,2,12,7,13,8,7,8,10,5,17,5,10,11,21,15,2,10,5,4,8,4
서울,강북구,0,2,4,5,2,10,3,2,3,4,6,12,13,15,7,18,13,6,9,1,1,9,6
서울,강서구,7,4,5,10,19,11,8,12,6,12,8,12,10,6,17,13,11,11,2,3,6,8,12
서울,관악구,5,4,3,13,21,21,16,22,29,39,21,50,47,32,57,59,59,30,16,10,20,18,16
서울,광진구,2,3,1,13,6,7,6,9,3,1,7,13,11,6,10,7,10,1,2,2,4,6,6
서울,구로구,7,2,1,4,13,16,9,14,10,7,12,16,15,10,10,15,17,11,3,7,3,3,4
서울,금천구,7,3,0,7,7,8,5,1,11,7,5,19,13,8,13,11,12,13,9,6,5,8,7
서울,노원구,8,6,0,5,3,7,2,13,6,6,6,17,13,6,5,18,16,13,5,0,9,6,8
서울,도봉구,7,3,1,10,3,7,3,10,1,3,6,13,13,15,17,11,5,7,2,3,1,2,5
서울,동대문구,3,2,5,4,3,6,5,5,10,4,5,12,17,4,13,10,6,7,3,6,3,4,3
서울,동작구,3,4,4,2,10,7,9,8,12,10,15,29,30,15,15,12,13,12,7,6,5,12,8
서울,마포구,3,2,1,3,13,6,4,5,8,3,6,10,9,5,7,6,3,8,3,0,3,1,2
서울,서대문구,8,3,3,5,6,11,5,9,1,6,4,7,10,3,7,6,6,3,2,2,3,4,5
서울,서초구,6,3,2,7,9,13,6,3,16,7,14,16,14,7,9,10,15,1,5,3,5,8,5
서울,성동구,2,1,2,10,10,6,3,2,2,3,10,9,9,3,3,7,13,6,5,3,4,5,4
서울,성북구,2,3,2,9,7,10,8,9,4,8,10,10,16,7,5,20,16,4,6,4,2,4,3
서울,송파구,9,6,2,14,9,9,13,4,11,14,17,24,28,14,14,19,10,11,8,8,9,3,9
서울,양천구,8,3,2,12,15,13,9,10,6,9,7,11,4,5,8,15,14,14,2,6,7,3,8
서울,영등포구,8,2,2,7,8,12,15,4,8,3,5,15,10,4,9,11,15,10,2,5,4,7,2
서울,용산구,3,3,1,3,3,4,2,1,4,2,5,10,7,6,4,3,2,5,3,1,3,4,3
서울,은평구,5,7,2,6,13,20,7,6,4,9,15,13,18,6,2,5,10,7,4,4,7,8,10
서울,종로구,2,1,3,2,6,8,2,3,0,4,2,10,4,1,3,5,6,5,1,3,0,1,1
서울,중구,3,3,0,2,2,2,2,4,1,1,1,3,8,4,3,2,5,0,2,1,1,1,0
서울,중랑구,5,3,2,3,4,5,6,4,6,9,7,14,5,6,7,20,6,5,0,5,5,5,1
부산,부산,152,79,52,253,449,505,448,354,414,547,473,756,787,521,574,868,769,357,279,413,421,416,268
부산,강서구,7,0,0,4,15,18,14,6,2,9,8,10,11,14,24,36,50,22,9,26,22,16,16
부산,금정구,13,9,1,24,31,39,32,53,63,80,65,101,58,48,39,92,102,39,26,40,45,52,33
부산,기장군,1,15,13,38,35,59,71,82,38,56,63,79,94,38,77,85,117,50,29,53,38,59,34
부산,남구,10,5,3,30,14,33,41,39,29,36,35,66,59,46,52,48,54,23,17,22,26,19,13
부산,동구,6,1,2,11,11,16,16,6,11,6,6,13,16,7,11,22,16,8,8,12,7,12,3
부산,동래구,6,2,3,4,30,43,32,15,44,51,32,67,66,39,48,52,60,17,19,24,24,40,17
부산,부산진구,23,20,5,22,54,18,25,10,52,72,44,72,76,57,69,82,63,30,19,31,37,23,20
부산,북구,5,0,2,30,15,17,12,10,42,51,31,54,97,68,68,120,49,42,28,48,39,44,25
부산,사상구,15,2,3,12,13,13,16,4,30,26,22,41,41,31,22,55,29,16,15,28,19,21,16
부산,사하구,15,6,8,9,47,55,26,23,18,27,24,32,42,28,26,40,32,24,25,16,21,28,11
부산,서구,5,6,1,14,19,24,15,13,8,6,11,18,13,11,9,15,16,8,8,8,13,6,7
부산,수영구,5,1,2,5,14,13,8,8,5,17,16,31,23,20,17,34,36,10,3,17,19,8,16
부산,연제구,9,1,2,10,24,26,49,13,12,37,31,44,57,34,35,53,40,20,18,17,18,22,12
부산,영도구,3,1,1,6,27,29,10,10,5,10,8,15,9,12,15,16,10,8,6,10,10,7,4
부산,중구,4,0,0,5,2,1,0,1,6,5,3,4,4,5,4,3,6,2,1,2,1,4,0
부산,해운대구,25,10,6,29,98,101,81,61,49,58,74,109,121,63,58,115,89,38,48,59,82,55,41
대구,대구,95,59,25,180,484,347,282,275,139,164,150,239,435,204,177,231,213,145,67,122,140,136,125
대구,남구,10,6,2,10,18,13,10,7,10,5,8,9,15,6,10,16,8,3,7,5,10,10,11
대구,달서구,5,8,5,17,92,47,52,50,28,40,25,56,106,34,20,41,34,18,14,25,31,34,33
대구,달성군,26,22,9,75,115,64,70,62,27,40,23,54,92,39,36,44,43,27,17,29,25,37,32
대구,동구,20,11,0,13,72,81,53,54,24,20,36,45,62,30,24,62,33,23,10,16,22,16,13
대구,북구,10,3,3,26,88,70,49,56,21,27,28,37,77,38,41,36,40,33,5,23,16,16,17
대구,서구,3,3,2,10,34,15,20,17,11,12,7,11,26,23,13,6,18,12,7,6,10,11,4
대구,수성구,20,5,4,27,57,46,24,25,17,19,19,23,46,30,30,21,33,27,7,14,23,8,10
대구,중구,1,1,0,2,8,11,4,4,1,1,4,4,11,4,3,5,4,2,0,4,3,4,5
대구,군위군,0,0,0,0,0,0,0,0,0,0,0,0,0,0,0,0,0,0,0,0,0,0,0
인천,인천,31,7,13,46,53,87,68,68,85,77,76,122,99,58,105,117,91,68,49,33,58,66,65
인천,강화군,0,0,1,1,4,1,1,2,2,3,2,5,2,2,2,4,2,2,5,0,1,1,1
인천,계양구,4,0,2,5,4,9,7,4,11,7,2,10,13,6,12,14,9,2,3,2,6,3,2
인천,미추홀구,8,2,2,9,6,18,9,15,11,17,9,17,11,7,3,17,3,7,8,4,7,9,6
인천,남동구,4,4,3,5,7,8,10,5,17,13,12,16,5,4,18,17,14,3,7,5,14,13,6
인천,동구,2,0,0,2,0,2,4,2,2,1,5,2,3,3,2,2,4,6,4,0,1,1,0
인천,부평구,7,0,2,13,15,14,18,22,16,9,13,18,10,9,10,13,11,11,2,1,4,11,8
인천,서구,3,0,1,3,9,13,7,5,10,11,17,26,22,8,21,12,18,15,6,4,3,6,7
인천,연수구,3,1,2,2,2,8,4,10,7,11,7,16,9,3,7,8,12,7,1,6,5,8,10
인천,옹진군,0,0,0,4,6,8,6,2,6,2,7,8,20,12,28,27,14,12,10,8,13,12,23
인천,중구,0,0,0,2,0,6,2,1,3,3,2,4,4,4,2,3,4,3,3,3,4,2,2
광주,광주,95,80,52,173,278,251,186,175,187,239,172,276,495,345,332,320,330,168,79,118,156,178,172
광주,광산구,32,21,7,43,63,65,44,54,47,61,47,54,122,79,84,60,72,32,25,26,39,47,71
광주,남구,20,12,18,44,61,49,31,36,45,54,26,45,80,47,45,59,64,27,15,30,24,25,19
광주,동구,4,4,7,17,23,26,17,23,13,18,20,38,52,23,37,26,34,16,4,5,14,17,18
광주,북구,29,28,14,48,95,85,79,32,34,56,41,79,137,107,88,99,108,62,21,44,49,60,40
광주,서구,10,15,6,21,36,26,15,30,48,50,38,60,104,89,78,76,52,31,14,13,30,29,24
대전,대전,143,40,31,228,246,275,286,373,151,342,182,444,517,300,284,307,297,182,117,113,160,175,133
대전,대덕구,26,7,3,15,26,52,33,63,27,48,41,80,88,55,45,42,30,20,17,11,19,29,26
대전,동구,39,22,23,81,65,71,71,46,12,62,21,72,91,42,62,80,78,45,35,26,36,34,38
대전,서구,41,7,0,71,75,59,98,98,75,100,72,154,138,86,61,89,82,54,29,38,44,47,25
대전,유성구,18,0,5,10,42,38,30,92,26,62,27,60,92,47,50,55,54,25,17,16,29,35,21
대전,중구,19,4,0,51,38,55,54,74,11,70,21,78,108,70,66,41,53,38,19,22,32,30,23
울산,울산,110,45,31,136,263,196,283,277,193,210,254,431,658,480,412,471,540,249,142,235,248,289,177
울산,남구,15,2,15,24,52,45,64,61,47,48,55,93,167,133,101,113,125,35,34,54,37,62,35
울산,동구,8,2,2,2,8,2,10,14,10,1,11,20,45,22,22,39,49,21,14,17,15,28,10
울산,북구,14,7,8,28,52,53,54,47,34,43,31,38,80,66,50,29,73,41,21,37,60,43,28
울산,울주군,57,26,2,73,86,62,122,125,76,80,125,205,251,183,190,211,211,131,49,96,78,106,75
울산,중구,16,8,4,9,65,34,33,30,26,38,32,75,115,76,49,79,82,21,24,31,58,50,29
경기,경기,130,120,127,487,611,684,508,509,436,536,563,1015,799,812,813,973,724,507,289,236,341,383,360
경기,가평군,4,4,3,1,3,3,11,4,4,7,2,11,8,8,5,11,10,4,4,4,6,0,3
경기,고양시 덕양구,2,1,0,3,8,13,8,11,6,9,4,10,7,4,7,9,14,8,4,4,7,9,4
경기,고양시 일산동구,0,0,0,0,4,5,4,2,2,2,3,5,3,7,4,8,8,2,5,2,0,4,7
경기,고양시 일산서구,0,0,0,5,5,7,4,6,3,2,4,9,4,7,5,10,2,2,4,4,2,5,1
경기,과천시,3,0,1,2,4,2,3,2,1,4,2,6,1,2,1,3,5,2,0,1,0,1,3
경기,광명시,3,5,0,9,9,11,5,8,6,7,13,9,15,10,14,21,12,8,5,3,9,3,3
경기,광주시,3,1,1,6,4,3,5,3,7,3,5,3,5,9,18,7,7,3,2,4,2,2,3
경기,구리시,1,1,0,0,2,0,2,4,2,2,4,3,4,5,2,4,2,5,1,0,1,4,4
경기,군포시,1,0,2,3,8,8,8,6,2,11,11,22,22,19,15,22,22,17,5,6,5,8,10
경기,김포시,3,1,5,5,9,6,4,4,7,6,5,8,5,4,13,19,9,0,4,8,5,3,5
경기,남양주시,3,2,3,5,9,5,5,2,4,11,10,22,16,21,15,32,24,9,8,8,7,9,6
경기,동두천시,0,0,0,2,1,2,2,1,0,0,4,2,2,3,3,9,5,2,1,1,1,2,0
경기,부천시 소사구,1,1,0,0,4,5,1,3,4,8,6,8,5,0,0,0,0,0,0,0,0,0,0
경기,부천시 오정구,1,1,0,0,5,7,2,1,3,7,1,5,8,0,0,0,0,0,0,0,0,0,0
경기,성남시 분당구,8,3,4,7,4,10,12,8,4,11,4,11,20,11,11,16,12,4,3,6,5,9,3
경기,성남시 수정구,2,0,2,6,7,2,5,4,2,6,4,5,6,8,10,12,10,6,2,5,7,5,3
경기,성남시 중원구,2,0,1,12,5,2,3,7,7,5,8,6,10,15,5,17,3,2,1,2,4,4,2
경기,수원시 권선구,12,11,1,34,20,27,12,21,7,17,0,30,20,19,19,25,23,11,6,4,11,14,10
경기,수원시 영통구,0,0,0,0,5,9,2,4,2,9,6,18,7,8,8,7,9,18,1,4,14,5,4
경기,수원시 장안구,4,4,3,15,19,16,1,2,5,8,8,25,11,13,13,12,22,18,6,4,4,6,7
경기,수원시 팔달구,5,3,3,10,11,16,13,12,7,7,5,15,17,15,15,12,9,4,8,2,7,6,2
경기,시흥시,6,2,2,4,9,15,9,10,23,21,8,31,16,22,21,16,24,23,11,9,10,10,7
경기,안산시 단원구,6,4,3,15,28,56,43,25,19,35,36,30,44,36,38,27,29,20,17,13,20,20,19
경기,안산시 상록구,0,0,1,14,34,27,19,19,17,24,25,54,36,45,25,36,19,26,11,13,11,21,34
경기,안성시,7,2,2,13,15,20,28,30,26,12,21,53,32,49,26,57,17,17,12,7,8,14,6
경기,안양시 동안구,1,1,4,5,11,13,13,11,8,14,14,16,29,22,10,22,25,13,6,4,5,5,14
경기,안양시 만안구,3,0,1,5,17,13,11,10,8,20,36,40,41,27,19,27,22,13,8,11,9,9,7
경기,양주시,1,0,0,2,10,4,3,1,5,2,2,9,1,16,6,16,9,11,4,3,4,3,0
경기,양평군,0,1,2,1,2,3,0,3,2,2,4,5,3,5,8,5,2,4,0,1,1,3,1
경기,여주시,1,2,4,2,8,4,8,7,6,11,4,4,10,8,12,7,8,1,3,0,8,0,2
경기,연천군,2,7,3,8,12,11,9,7,5,7,7,5,5,6,10,15,10,4,3,3,2,4,1
경기,오산시,3,5,1,4,7,8,6,5,3,3,8,9,18,17,12,14,12,4,4,3,7,5,1
경기,용인시 기흥구,0,0,0,0,0,11,1,9,6,12,7,20,11,14,25,18,17,7,11,11,9,16,17
경기,용인시 수지구,0,0,0,0,0,7,6,7,13,9,5,8,6,8,10,10,11,6,0,1,2,8,9
경기,용인시 처인구,2,1,1,4,5,5,8,9,6,8,32,25,14,7,20,34,21,13,11,9,3,12,9
경기,의왕시,2,0,1,1,9,5,7,4,2,10,7,12,4,8,8,12,14,9,2,2,1,5,6
경기,의정부시,1,2,1,4,12,3,3,9,3,5,7,16,6,13,14,9,8,8,8,3,4,3,4
경기,이천시,0,6,8,10,4,8,6,13,8,16,13,17,11,16,14,14,14,7,20,5,3,4,2
경기,파주시,1,3,5,4,2,8,8,14,3,11,10,25,15,19,27,45,22,11,12,7,8,12,7
경기,평택시,1,3,1,14,31,36,17,29,49,44,84,127,101,81,88,76,47,38,16,19,40,44,36
경기,포천시,3,2,0,5,8,5,13,4,1,9,3,15,9,14,13,9,9,7,6,1,4,2,5
경기,하남시,5,1,0,3,2,5,6,6,3,6,7,12,5,7,6,20,7,4,3,5,6,5,4
경기,화성시,17,37,51,221,216,249,164,154,130,102,106,232,177,165,192,206,141,128,40,21,69,64,73
경기,부천시,0,0,0,0,0,0,0,0,0,0,0,0,0,19,26,22,28,8,11,13,10,15,16
강원,강원,44,26,34,62,76,53,60,57,43,61,45,58,111,71,101,118,59,49,29,20,29,25,20
강원,강릉시,11,0,3,7,4,2,6,8,8,7,6,7,16,7,5,12,6,3,1,3,2,4,4
강원,고성군,1,0,0,2,2,0,1,1,2,6,0,1,2,1,0,2,0,0,1,0,1,1,0
강원,동해시,2,1,0,1,2,0,1,0,2,0,1,0,0,1,1,3,2,1,0,2,1,0,0
강원,삼척시,3,1,0,1,1,0,1,1,2,1,6,1,7,4,2,1,1,0,1,1,0,0,0
강원,속초시,0,1,0,0,1,1,1,0,2,2,3,0,3,3,1,2,0,0,1,0,0,0,0
강원,양구군,3,0,0,2,3,0,0,1,0,1,0,3,1,1,1,2,1,0,1,0,0,0,0
강원,양양군,0,0,1,1,0,4,2,5,3,1,1,1,4,2,0,2,4,2,0,0,2,1,0
강원,영월군,1,1,3,4,7,4,4,7,3,4,4,1,5,2,1,1,1,1,0,0,1,0,1
강원,원주시,2,3,11,13,8,16,7,6,9,8,5,8,12,15,8,9,5,5,3,1,5,5,3
강원,인제군,1,2,0,2,0,0,0,0,3,0,0,0,4,1,1,0,2,1,0,0,0,1,0
강원,정선군,3,0,0,1,4,3,4,3,0,1,3,4,1,3,2,6,2,0,2,0,1,1,0
강원,철원군,1,3,2,11,19,9,8,2,2,4,6,7,10,14,52,42,5,8,5,1,3,2,3
강원,춘천시,7,6,3,6,13,7,5,6,3,10,3,14,24,8,17,21,16,13,8,5,6,2,3
강원,태백시,1,0,1,1,0,0,0,0,0,0,3,0,2,0,0,1,0,0,1,0,0,0,0
강원,평창군,0,1,1,2,2,2,2,5,0,4,1,2,2,0,2,1,0,2,0,1,0,0,3
강원,홍천군,4,3,4,2,4,1,8,8,1,5,0,1,7,5,3,7,6,9,4,6,1,3,2
강원,화천군,3,3,0,3,3,2,1,0,0,3,2,6,5,1,4,2,6,0,0,0,2,3,0
강원,횡성군,1,1,5,3,3,2,9,4,3,4,1,2,6,3,1,4,2,4,1,0,4,2,1
충북,충북,132,149,67,285,316,312,285,366,202,263,234,362,397,257,228,252,241,183,96,67,119,116,119
충북,괴산군,9,17,5,22,17,12,8,30,8,12,8,13,12,11,10,13,3,9,3,6,3,5,4
충북,단양군,3,2,2,1,3,0,2,2,0,3,0,0,0,0,0,3,1,2,0,0,0,1,1
충북,보은군,8,11,4,9,19,29,20,39,24,17,10,16,31,25,30,13,18,10,2,6,3,3,4
충북,영동군,6,11,4,27,31,11,24,30,26,31,18,41,78,22,26,23,36,22,20,11,34,27,35
충북,옥천군,76,28,15,85,84,99,54,57,51,64,61,89,96,33,19,28,31,30,26,11,23,26,22
충북,음성군,1,2,1,2,5,1,1,4,3,1,2,4,7,0,2,3,2,6,4,0,4,0,1
충북,제천시,3,1,5,6,5,4,5,5,1,10,3,0,3,1,2,2,3,5,1,0,1,4,0
충북,증평군,0,0,0,1,15,2,5,9,5,7,1,4,15,9,5,7,8,2,4,2,4,7,6
충북,진천군,6,3,1,2,10,1,7,13,4,6,4,8,5,7,8,6,5,8,2,3,5,2,0
충북,충주시,1,4,2,4,3,2,5,1,1,7,7,3,6,2,5,4,10,6,2,0,0,2,1
충북,청주시 상당구,0,0,0,0,0,0,0,0,0,0,0,0,0,51,33,57,30,21,6,5,3,13,9
충북,청주시 흥덕구,0,0,0,0,0,0,0,0,0,0,0,0,0,45,32,41,46,39,13,14,23,18,21
충북,청주시 서원구,0,0,0,0,0,0,0,0,0,0,0,0,0,30,33,32,24,12,5,4,5,4,6
충북,청주시 청원구,0,0,0,0,0,0,0,0,0,0,0,0,0,21,23,20,24,11,8,5,11,4,9
충남,충남,370,209,228,589,735,744,602,936,699,793,680,738,1010,819,858,1006,1250,907,442,371,571,645,788
충남,계룡시,0,0,0,0,15,20,4,12,20,12,8,14,26,15,4,21,14,7,8,3,5,7,12
충남,공주시,35,14,19,62,62,58,28,39,20,46,44,50,58,56,63,111,97,71,40,21,48,52,70
충남,금산군,56,11,5,18,51,6,31,45,10,37,17,35,53,26,16,43,55,35,20,11,37,25,19
충남,논산시,9,27,7,46,33,43,29,44,41,51,53,56,50,43,35,68,152,113,28,16,29,59,74
충남,당진시,18,6,9,19,37,49,64,76,83,47,25,19,35,24,51,55,83,52,14,18,43,36,41
충남,보령시,12,11,7,25,26,58,33,94,48,48,42,47,52,54,42,68,81,43,24,27,38,38,58
충남,부여군,11,8,7,56,44,26,16,31,13,28,38,23,22,20,29,48,74,62,33,38,35,52,83
충남,서산시,23,10,13,61,46,24,37,42,44,29,22,26,46,69,87,116,87,74,20,37,58,55,64
충남,서천군,18,9,27,60,73,46,21,16,9,35,21,24,37,41,44,72,77,62,42,30,44,36,32
충남,아산시,15,14,38,64,53,67,66,105,94,138,134,134,250,184,197,106,166,119,73,56,60,73,53
충남,예산군,14,13,10,31,92,86,74,104,40,65,41,54,55,52,26,52,87,58,32,21,37,33,38
충남,청양군,16,11,19,12,14,29,15,26,11,22,13,20,29,20,22,30,36,29,22,14,22,20,27
충남,태안군,12,7,3,10,64,52,72,125,85,41,46,37,65,52,100,82,61,48,28,37,60,82,100
충남,홍성군,72,42,35,29,42,51,18,27,8,16,17,25,26,49,39,48,96,71,29,17,27,25,76
충남,천안시 동남구,0,0,0,0,0,0,0,0,10,1,78,104,138,67,59,51,51,41,21,15,20,30,30
충남,천안시 서북구,0,0,0,0,0,0,0,0,16,0,35,70,68,47,44,35,33,22,8,10,8,22,11
전북,전북,297,356,139,577,953,922,833,701,708,733,721,1287,1178,959,1366,1029,1067,652,401,402,732,753,727
전북,고창군,5,4,8,48,65,76,55,58,57,50,79,108,91,64,94,69,85,46,27,37,57,79,107
전북,군산시,2,4,16,36,28,54,75,24,8,53,82,110,74,48,67,41,43,28,18,13,26,17,24
전북,김제시,13,26,5,14,58,56,71,71,78,72,56,112,95,84,107,68,78,38,32,25,31,43,31
전북,남원시,58,32,20,54,84,84,55,52,82,80,50,104,94,81,112,130,109,52,35,39,79,98,62
전북,무주군,13,62,9,55,25,22,18,51,5,13,12,18,46,39,34,37,29,21,13,9,22,19,20
전북,부안군,6,7,5,15,38,26,23,15,9,36,45,57,45,50,84,48,59,41,40,40,123,77,55
전북,순창군,54,31,4,23,94,105,34,49,54,59,23,78,78,66,69,70,67,40,14,21,32,40,44
전북,완주군,15,25,6,40,54,56,55,32,49,30,35,78,66,48,87,57,82,61,38,37,62,35,59
전북,익산시,24,32,1,36,138,116,95,74,81,87,145,97,112,100,156,102,108,70,28,26,53,61,61
전북,임실군,16,14,1,20,39,30,25,13,31,24,17,41,44,23,34,33,50,23,14,15,15,27,48
전북,장수군,11,36,17,22,12,12,39,14,22,26,5,45,56,32,27,25,33,22,10,7,24,23,14
전북,전주시 덕진구,42,37,16,90,101,90,97,80,62,49,43,132,70,110,138,89,96,72,32,31,45,56,44
전북,전주시 완산구,23,15,8,53,89,96,71,60,66,54,51,123,106,70,132,106,84,38,22,32,41,58,43
전북,정읍시,10,22,22,67,117,84,93,64,58,70,64,130,150,120,180,120,96,68,52,51,102,100,100
전북,진안군,5,9,1,2,10,15,27,44,46,30,14,54,51,24,45,34,48,32,26,19,20,20,15
전남,전남,336,232,255,509,658,657,652,508,680,532,458,634,1280,1374,1823,1763,1620,1065,667,812,1118,1023,1021
전남,강진군,24,18,26,33,32,15,20,20,22,11,15,17,60,114,90,76,92,88,26,37,31,41,41
전남,고흥군,5,7,1,8,7,40,25,14,14,28,17,31,83,76,78,143,118,90,83,83,125,93,57
전남,곡성군,11,16,15,18,23,38,24,21,18,17,25,29,45,41,49,46,70,40,23,22,26,27,32
전남,광양시,11,13,7,22,43,67,57,29,26,23,26,52,64,54,95,112,93,76,62,46,110,78,102
전남,구례군,32,16,35,68,62,38,39,16,27,45,32,39,59,29,53,62,65,28,14,25,30,30,25
전남,나주시,32,4,3,18,21,19,19,31,38,30,36,19,45,62,74,59,57,27,18,22,20,21,23
전남,담양군,21,22,12,20,15,16,17,26,13,19,13,27,70,46,63,70,77,41,23,21,23,32,32
전남,목포시,20,8,10,21,69,30,27,13,42,16,13,25,25,42,45,29,25,13,14,16,32,16,15
전남,무안군,10,12,7,16,11,13,37,35,52,28,26,28,43,52,56,45,27,27,21,24,29,21,23
전남,보성군,5,1,11,22,38,33,28,27,31,23,21,22,51,65,66,137,87,38,31,41,50,47,51
전남,순천시,33,8,13,47,60,68,62,37,74,60,31,64,132,191,267,204,205,132,63,102,142,172,151
전남,신안군,27,12,3,16,39,20,27,20,26,20,13,19,25,21,39,39,33,16,18,29,26,18,18
전남,여수시,1,1,7,20,46,55,40,37,50,37,27,23,52,36,89,64,84,80,52,46,55,52,62
전남,영광군,14,7,16,36,16,25,34,35,43,17,16,17,28,42,44,42,68,27,16,20,25,39,41
전남,영암군,19,11,10,12,8,8,14,15,31,40,27,35,39,63,52,47,26,24,10,24,18,15,19
전남,완도군,2,3,8,13,13,8,9,8,12,8,7,10,40,43,64,56,45,51,28,28,43,27,72
전남,장성군,0,12,5,16,34,37,40,18,7,13,14,36,104,44,71,65,88,36,21,26,49,48,41
전남,장흥군,10,8,5,11,21,22,19,14,12,10,7,19,31,49,39,79,66,32,10,24,41,45,17
전남,진도군,19,15,4,19,5,7,11,19,47,15,24,13,41,89,129,91,86,80,25,33,56,48,50
전남,함평군,13,5,8,18,11,16,26,20,24,20,23,32,38,40,46,78,40,20,19,17,34,31,31
전남,해남군,7,19,30,28,35,40,23,21,34,15,27,48,118,133,247,139,112,67,64,94,116,86,75
전남,화순군,20,14,19,27,49,42,54,32,37,37,18,29,87,42,67,80,56,32,26,32,37,36,43
경북,경북,218,122,80,342,634,603,583,601,369,340,298,453,654,440,463,750,660,555,278,268,387,438,364
경북,경산시,2,0,1,14,40,28,14,8,13,9,13,23,42,12,20,35,38,36,15,24,25,22,17
경북,경주시,16,5,3,38,39,36,51,62,61,42,46,45,99,59,54,96,88,61,28,27,43,47,27
경북,고령군,56,49,17,47,100,96,72,70,26,48,33,74,52,42,38,40,28,23,25,19,16,22,33
경북,구미시,2,1,2,9,16,57,36,47,34,25,21,38,42,36,59,65,57,40,24,18,22,50,24
경북,군위군,0,0,0,0,1,3,4,2,1,1,0,1,2,1,1,4,3,3,2,3,2,3,0
경북,김천시,34,4,4,47,85,62,100,89,41,31,38,27,50,52,52,170,75,122,51,47,71,68,70
경북,문경시,2,0,0,1,8,6,8,14,9,4,8,10,16,6,10,4,10,11,0,3,8,2,1
경북,봉화군,0,1,0,1,2,0,3,4,1,0,1,1,3,1,1,5,6,20,0,0,0,0,0
경북,상주시,12,12,9,16,36,47,52,68,59,41,36,48,73,70,58,73,83,45,35,23,70,82,69
경북,성주군,24,25,17,61,117,97,82,67,33,37,27,48,93,35,28,48,39,40,13,22,13,21,24
경북,안동시,0,1,0,2,5,7,10,11,3,17,10,6,7,7,7,2,9,6,2,2,2,1,3
경북,영덕군,3,0,1,7,5,4,9,6,8,5,4,0,4,2,4,3,5,8,3,2,4,1,4
경북,영양군,0,0,0,0,0,0,2,1,0,1,0,1,1,0,3,0,5,0,0,0,0,0,1
경북,영주시,0,0,0,2,1,1,4,4,3,3,4,3,3,5,2,6,2,3,0,0,0,2,1
경북,영천시,5,0,1,14,35,7,23,7,12,18,10,32,38,28,28,42,34,17,17,28,28,16,23
경북,예천군,1,1,1,2,5,5,2,4,8,5,1,2,5,1,3,1,4,5,1,0,2,3,0
경북,울릉군,0,0,0,0,1,0,1,0,0,0,0,0,0,0,1,0,0,3,0,0,0,1,0
경북,울진군,4,0,0,1,1,1,2,4,2,2,2,3,4,2,2,2,3,4,3,1,1,1,0
경북,의성군,2,0,1,0,1,1,2,5,2,1,1,8,3,1,5,3,2,1,0,1,4,2,2
경북,청도군,26,6,4,13,60,61,28,30,13,14,11,18,37,27,23,29,57,48,17,12,28,33,21
경북,청송군,0,0,0,2,2,0,4,4,1,0,2,3,2,1,0,1,3,1,4,0,0,1,0
경북,칠곡군,27,14,17,48,48,49,52,51,26,13,20,34,46,28,42,41,61,30,14,13,17,24,23
경북,포항시 남구,1,1,1,13,12,16,11,20,4,13,5,18,18,13,9,37,19,14,9,11,13,14,10
경북,포항시 북구,1,2,1,4,14,19,11,23,9,10,5,10,14,11,13,43,29,14,15,12,18,22,11
경남,경남,353,312,216,647,788,585,761,658,500,619,581,1249,1471,1169,1591,2338,2186,1239,839,1064,1246,1332,1085
경남,거제시,4,17,7,65,56,29,31,24,6,17,31,69,85,82,124,103,155,120,106,137,133,162,158
경남,거창군,10,5,22,33,64,11,30,31,11,38,22,80,120,54,104,88,99,39,60,26,51,71,40
경남,고성군,3,7,1,8,17,15,17,21,16,23,26,36,56,27,29,92,79,48,32,38,34,41,39
경남,김해시,27,9,10,30,17,20,64,68,52,40,58,117,161,130,161,297,270,148,70,106,110,97,69
경남,남해군,10,32,5,9,16,10,10,17,16,18,18,29,21,20,38,45,61,24,14,24,33,29,30
경남,밀양시,11,4,5,15,50,67,76,78,36,25,45,64,67,49,51,52,36,20,18,24,32,26,22
경남,사천시,1,11,0,10,10,14,31,9,5,11,13,39,45,43,48,69,89,52,18,27,40,42,23
경남,산청군,11,29,14,29,21,15,26,65,35,41,29,75,68,62,86,140,94,31,27,25,47,45,35
경남,양산시,19,2,2,41,64,26,38,19,34,49,28,63,57,45,43,86,111,38,42,51,66,89,43
경남,의령군,10,9,4,4,14,15,14,9,8,9,16,20,40,31,33,44,66,19,22,34,37,42,32
경남,진주시,3,3,0,8,6,17,10,6,15,20,72,139,104,121,260,367,253,128,89,104,121,83,86
경남,창녕군,44,34,17,45,59,19,40,35,13,26,20,28,64,25,35,64,93,53,19,26,36,25,41
경남,통영시,10,3,3,20,24,17,17,21,21,20,16,28,25,21,22,36,47,33,20,18,41,51,36
경남,하동군,17,12,3,7,10,4,16,16,24,23,29,56,60,54,39,81,74,110,45,50,78,76,69
경남,함안군,43,21,7,36,39,38,66,40,48,27,33,74,65,34,71,88,60,40,38,49,37,27,16
경남,함양군,12,29,58,95,30,28,40,57,22,73,24,28,37,77,111,97,83,56,35,31,43,36,35
경남,합천군,41,41,29,105,132,107,77,63,27,55,24,81,61,47,75,180,105,63,29,42,83,148,124
경남,창원시 마산합포구,0,0,0,0,0,0,0,0,0,0,13,19,52,50,55,67,102,48,40,68,60,70,53
경남,창원시 마산회원구,0,0,0,0,0,0,0,0,0,0,14,25,57,44,42,76,92,34,40,49,48,48,49
경남,창원시 성산구,0,0,0,0,0,0,0,0,0,0,11,59,77,53,61,70,59,23,17,32,36,33,35
경남,창원시 의창구,0,0,0,0,0,0,0,0,0,0,24,75,127,60,78,114,80,49,36,54,41,55,33
경남,창원시 진해구,0,0,0,0,0,0,0,0,0,0,15,45,22,40,25,82,78,63,22,49,39,36,17
제주,제주,5,5,11,11,26,22,21,22,13,28,60,76,62,59,67,137,109,103,104,78,37,67,54
제주,서귀포시,3,1,7,6,10,16,12,17,7,12,38,39,28,29,33,74,64,70,60,40,23,28,17
제주,제주시,0,0,0,1,6,6,9,5,6,16,22,37,34,30,34,63,45,33,44,38,14,39,37
세종,세종,0,0,0,0,0,0,0,0,0,0,0,88,69,49,42,73,65,43,12,30,33,44,44
세종,세종시,0,0,0,0,0,0,0,0,0,0,0,88,69,49,42,73,65,43,12,30,33,44,44
